{"cameraMode":{"drawMode":0,"name":"Shaded","section":"Shading Mode"},"sceneLighting":true,"audioPlay":false,"sceneViewState":{"m_AlwaysRefresh":false,"showFog":true,"showSkybox":true,"showFlares":true,"showImageEffects":true,"showParticleSystems":true,"showVisualEffectGraphs":true,"m_FxEnabled":true},"in2DMode":false,"pivot":{"x":-0.17139865458011628,"y":-10.854826927185059,"z":21.373449325561525},"rotation":{"x":0.239642933011055,"y":-0.006796571426093578,"z":0.001677485415711999,"w":0.9708529710769653},"size":2.1785457134246828,"orthographic":false}